{"aux_output_accuracy": [0.58152174949646, 0.917391300201416, 0.9923913478851318, 0.997826099395752, 0.998913049697876, 1.0, 1.0, 1.0, 1.0, 1.0, 1.0, 1.0, 1.0, 1.0, 1.0, 1.0, 1.0, 1.0, 1.0, 1.0], "aux_output_loss": [1.127164363861084, 0.2657514214515686, 0.04554053023457527, 0.016538267955183983, 0.008665116503834724, 0.0010076015023514628, 0.00044321248424239457, 0.0002347956324229017, 0.00020744459470734, 0.00026733975391834974, 0.00016033952124416828, 0.00014523362915497273, 0.00011730972619261593, 0.00010556112101767212, 0.00013741219299845397, 0.00010672242206055671, 7.398773595923558e-05, 8.737121243029833e-05, 7.130773883545771e-05, 6.495056732092053e-05], "loss": [1.8178783655166626, 1.0863035917282104, 0.5263019800186157, 0.13676103949546814, 0.04114486277103424, 0.00971199106425047, 0.00542050926014781, 0.0034905211068689823, 0.0021438796538859606, 0.0021191895939409733, 0.0017283769557252526, 0.0011484231799840927, 0.0009872869122773409, 0.0010128787253051996, 0.0008056935621425509, 0.0005724604125134647, 0.0005707310629077256, 0.0005773673765361309, 0.00048433966003358364, 0.00046569720143452287], "main_output_accuracy": [0.47499993443489075, 0.6086956858634949, 0.8228263258934021, 0.9673913717269897, 0.9956521391868591, 1.0, 1.0, 1.0, 1.0, 1.0, 1.0, 1.0, 1.0, 1.0, 1.0, 1.0, 1.0, 1.0, 1.0, 1.0], "main_output_loss": [1.2156177759170532, 0.9303150773048401, 0.4923338294029236, 0.12558206915855408, 0.0359368771314621, 0.009001553989946842, 0.005083572585135698, 0.003298857482150197, 0.0019945423118770123, 0.0019404309568926692, 0.0016114335739985108, 0.001051371917128563, 0.0009076260612346232, 0.0009385474259033799, 0.000719845003914088, 0.0005069191684015095, 0.0005215939600020647, 0.0005213974509388208, 0.0004383806954137981, 0.00042331352597102523]}